run_index,safeguard,wandb_run_id
0,None,ci1jab90
1,None,yglnimc5
2,None,wiyj6ayv
0,None,9l06u48e
0,None,ry67tgnh
0,None,xgiwneih
1,None,h1cvcdvl
2,None,63s69d2t
3,None,ek15uayd
4,None,8l1r5d3x
5,None,j4z0g909
6,None,finserbk
0,BoundaryProjection,2pscuap7
1,BoundaryProjection,v3qv2i0p
2,BoundaryProjection,d0lker1h
3,BoundaryProjection,1334lb2a
4,BoundaryProjection,lo1vy1zx
5,BoundaryProjection,v08z9stn
6,BoundaryProjection,s4s991uk
7,BoundaryProjection,tgwa3ue9
8,BoundaryProjection,cy2h1tw9
9,BoundaryProjection,b94lp4hc
0,RayMask,o1e16mfp
1,RayMask,m8lvgmv4
2,RayMask,8qx740bp
3,RayMask,snmqav6x
4,RayMask,haou6eut
5,RayMask,fu8hzboz
6,RayMask,ki8mf4wd
7,RayMask,ssp4qdgz
8,RayMask,7m6na52g
9,RayMask,pojj2hb6
0,FSNet,3uif1y1l
1,FSNet,faua46v9
2,FSNet,ekg8qbiw
3,FSNet,qgx5bc5h
4,FSNet,ddljz08u
5,FSNet,qzjm805w
6,FSNet,2hguc15q
7,FSNet,3kq12i1u
8,FSNet,3689vrjf
9,FSNet,ufho0mld
0,Pinet,vydudkoi
1,Pinet,1e9f30kj
2,Pinet,re0m8p37
3,Pinet,ibk1r61s
4,Pinet,2rey96qr
5,Pinet,7z17y4d8
6,Pinet,uqbm0t7j
7,Pinet,a1ele17c
8,Pinet,re47ctef
9,Pinet,l54us2wh
0,None,681ya1q5
1,None,1ldnltm0
2,None,esrhwxo8
3,None,2z11tyj6
4,None,9z1lrkmc
5,None,zo49typ1
6,None,hnmc855m
7,None,c54ktc2d
8,None,6myk1jne
9,None,4i7qfipk
0,BoundaryProjection,lxdjzok9
1,BoundaryProjection,whw8yi2t
2,BoundaryProjection,l5yvwmdk
3,BoundaryProjection,6kxu0quf
4,BoundaryProjection,w63zhgev
5,BoundaryProjection,fy20dojb
6,BoundaryProjection,ksa24q7t
7,BoundaryProjection,drl8052k
8,BoundaryProjection,kxxjpgvt
9,BoundaryProjection,11bv0a7e
0,RayMask,vk2fktne
1,RayMask,hvmsw1r8
2,RayMask,1j5nphyr
3,RayMask,cvpld7ii
4,RayMask,0l4nkcb1
5,RayMask,hur1nypd
6,RayMask,jv4uzznj
7,RayMask,5ocg9ppb
8,RayMask,xh4owsnx
9,RayMask,sz8wd1vv
0,FSNet,1lous32l
1,FSNet,xys4j7ix
2,FSNet,odriwu0c
3,FSNet,nkhgfnit
4,FSNet,b62unfyg
5,FSNet,mmtc14c8
6,FSNet,ipj8gfg1
7,FSNet,v1e9v27i
8,FSNet,lllkufy2
9,FSNet,jne1p6y7
0,Pinet,9onfbrdb
1,Pinet,9l8s4zqy
2,Pinet,mr83ydap
3,Pinet,o5ezjn7a
4,Pinet,lz35lrq2
5,Pinet,7j5tcjzf
6,Pinet,puowqefp
7,Pinet,j2chxl60
8,Pinet,2xqgcz0m
9,Pinet,mx56qs7n
0,None,gloohso5
1,None,lmi2enfi
2,None,ri3jb2lf
3,None,vc2k2qmj
4,None,53e502in
5,None,0yr5ws37
6,None,ta2zrg16
7,None,76eznriz
8,None,0pfxcyd2
9,None,hjxvjivw
0,BoundaryProjection,bn5kuh3k
1,BoundaryProjection,2phvsb8o
2,BoundaryProjection,au5mb20p
3,BoundaryProjection,kih4vwfh
4,BoundaryProjection,w81kgnwv
5,BoundaryProjection,2j9n0arq
6,BoundaryProjection,trldh8cq
7,BoundaryProjection,ttl43uw4
8,BoundaryProjection,30qba2y7
9,BoundaryProjection,45jf9i37
0,RayMask,u6pqjtze
1,RayMask,cofr2yik
2,RayMask,rzv8w655
3,RayMask,skpp4y9s
4,RayMask,0r5v1onr
5,RayMask,z5zrzt7k
6,RayMask,b6jd6fr8
7,RayMask,mibobm4s
8,RayMask,3ajdt7t5
9,RayMask,0hsm9xrc
0,FSNet,e7tbqhld
1,FSNet,uv41nt4a
2,FSNet,k5f7ktjb
3,FSNet,47ynncgi
4,FSNet,389yhagq
5,FSNet,0eekamhn
6,FSNet,5htz6g56
7,FSNet,h4yp109h
8,FSNet,nrsyqz4p
9,FSNet,6js5873p
0,Pinet,oekjxjpl
1,Pinet,h0brjrnj
2,Pinet,ik6dz2xo
3,Pinet,xsx9hd1k
4,Pinet,4z3zqzh9
5,Pinet,m7s635a2
6,Pinet,68hn07zk
7,Pinet,x2b2ospo
8,Pinet,vnx0pmnn
9,Pinet,9u1zzzsy
0,None,1skgxvbh
1,None,6e54penq
2,None,b4tddmes
0,BoundaryProjection,2u5yd6rh
1,BoundaryProjection,0vxxvicz
2,BoundaryProjection,wnzz1ai3
0,RayMask,nwqb9wof
1,RayMask,3pe5lci4
2,RayMask,zv8ll4xc
0,FSNet,wdzwt89x
1,FSNet,le9xo6zo
2,FSNet,rkfazlvr
0,Pinet,yv7btz6w
1,Pinet,mtr5jl09
2,Pinet,251ajcvz
0,None,20u75yqa
1,None,gpgimgzs
2,None,nf9pfmt1
3,None,wf31c1zi
4,None,ne8hcmjz
5,None,j0ozny1y
6,None,yo3030fo
7,None,u4v6jk03
8,None,mso0rhya
9,None,jzwrmd11
0,BoundaryProjection,9roedil4
1,BoundaryProjection,w0g2k6qv
2,BoundaryProjection,eskyeyl4
3,BoundaryProjection,v7ibuebo
4,BoundaryProjection,jejptpbt
5,BoundaryProjection,42wcsq4x
6,BoundaryProjection,y2lq38ll
7,BoundaryProjection,y0eu3br9
8,BoundaryProjection,cryrj8tx
9,BoundaryProjection,lcmc7j0t
0,RayMask,yedu0s9v
1,RayMask,8rx5kfyb
2,RayMask,60ns8q06
3,RayMask,4fw6v06o
4,RayMask,m77p7gej
5,RayMask,bhr8h32i
6,RayMask,3j9tyqjp
7,RayMask,0ykxw1xv
8,RayMask,71e5ey0p
9,RayMask,t7oidibz
0,FSNet,bmsqhnd0
1,FSNet,7wpy4e4d
2,FSNet,rp01b6op
3,FSNet,1mzyl5ka
4,FSNet,63blt06q
5,FSNet,54mvd0dj
6,FSNet,3fzgjfly
7,FSNet,yd6ouums
8,FSNet,2ofhp9nw
9,FSNet,598u0i09
0,Pinet,l2m2l32a
1,Pinet,ifmm8r7e
2,Pinet,xvpqw8io
3,Pinet,khz0lsjl
4,Pinet,i6n0ndey
5,Pinet,h1m9li4e
6,Pinet,2sobmtdz
7,Pinet,7oa9ud40
8,Pinet,2tjiosrk
9,Pinet,m33b5t9f
0,None,8mrgl33b
1,None,41kf7c4o
2,None,x59lduyi
3,None,i2tvhmk5
4,None,8pn0t8gg
5,None,dj16bolk
6,None,tspbaryt
7,None,5lao8hsi
8,None,h63ug2vx
9,None,vvbps89i
0,BoundaryProjection,i6jv780u
1,BoundaryProjection,5p7507jv
2,BoundaryProjection,9uqjbp1g
3,BoundaryProjection,8v3lvdus
4,BoundaryProjection,5g3myzip
5,BoundaryProjection,mx63wun5
6,BoundaryProjection,v1ytsdy7
7,BoundaryProjection,mufbjtog
8,BoundaryProjection,bbn6z99x
9,BoundaryProjection,a864dtuy
0,RayMask,tls5fb8a
1,RayMask,3a4c2hch
2,RayMask,pb7gua1q
3,RayMask,2gmjktni
4,RayMask,xrmqx8aq
5,RayMask,05kcugro
6,RayMask,rkrd9wzp
7,RayMask,oijxc39n
8,RayMask,a5qvde43
9,RayMask,gmm6ihm7
0,FSNet,k64cenyi
1,FSNet,6q8ftt2o
2,FSNet,9g0ifurx
3,FSNet,0i4r0tn6
4,FSNet,baxv3g3j
5,FSNet,fgw7efx9
6,FSNet,hdr1z3gd
7,FSNet,owpbcnh7
8,FSNet,46kjlbvl
9,FSNet,kjqsdwpm
0,Pinet,qn4iwurn
1,Pinet,swln4w1u
2,Pinet,1zt6vy16
3,Pinet,8osx4762
4,Pinet,07dvpbbu
5,Pinet,mxj12vsy
6,Pinet,chdktz7q
7,Pinet,4o9seyp6
8,Pinet,nsvy7q06
9,Pinet,yhyulm8i
